season,race_name,full_name,constructor_name,grid_position,Actual Finish Position,Predicted Finish Position,Prediction Error
2024.0,Belgian Grand Prix,Lewis Hamilton,Mercedes,3.0,1,7.11,6.11
2024.0,Belgian Grand Prix,Oscar Piastri,McLaren,5.0,2,10.89,8.89
2024.0,Belgian Grand Prix,Charles Leclerc,Ferrari,1.0,3,5.04,2.04
2024.0,Belgian Grand Prix,Max Verstappen,Red Bull Racing,11.0,4,3.28,-0.7200000000000002
2024.0,Belgian Grand Prix,Lando Norris,McLaren,4.0,5,9.24,4.24
2024.0,Belgian Grand Prix,Carlos Sainz,Ferrari,7.0,6,9.58,3.58
2024.0,Belgian Grand Prix,Sergio Perez,Red Bull Racing,2.0,7,7.45,0.4500000000000002
2024.0,Belgian Grand Prix,Fernando Alonso,Aston Martin,8.0,8,7.61,-0.3899999999999997
2024.0,Belgian Grand Prix,Esteban Ocon,Alpine,9.0,9,8.09,-0.9100000000000001
2024.0,Belgian Grand Prix,Daniel Ricciardo,RB,13.0,10,11.6,1.5999999999999996
2024.0,Belgian Grand Prix,Lance Stroll,Aston Martin,15.0,11,13.12,2.119999999999999
2024.0,Belgian Grand Prix,Alexander Albon,Williams,10.0,12,11.97,-0.02999999999999936
2024.0,Belgian Grand Prix,Pierre Gasly,Alpine,12.0,13,10.12,-2.880000000000001
2024.0,Belgian Grand Prix,Kevin Magnussen,Haas F1 Team,17.0,14,15.36,1.3599999999999994
2024.0,Belgian Grand Prix,Valtteri Bottas,Kick Sauber,14.0,15,14.62,-0.3800000000000008
2024.0,Belgian Grand Prix,Yuki Tsunoda,RB,20.0,16,14.27,-1.7300000000000004
2024.0,Belgian Grand Prix,Logan Sargeant,Williams,18.0,17,17.29,0.28999999999999915
2024.0,Belgian Grand Prix,Nico Hulkenberg,Haas F1 Team,16.0,18,18.02,0.019999999999999574
2024.0,Belgian Grand Prix,Guanyu Zhou,Kick Sauber,19.0,19,15.85,-3.1500000000000004
2024.0,Belgian Grand Prix,George Russell,Mercedes,6.0,20,8.16,-11.84
2024.0,British Grand Prix,Lewis Hamilton,Mercedes,2.0,1,2.73,1.73
2024.0,British Grand Prix,Max Verstappen,Red Bull Racing,4.0,2,7.7,5.7
2024.0,British Grand Prix,Lando Norris,McLaren,3.0,3,4.19,1.1900000000000004
2024.0,British Grand Prix,Oscar Piastri,McLaren,5.0,4,4.56,0.5599999999999996
2024.0,British Grand Prix,Carlos Sainz,Ferrari,7.0,5,6.1,1.0999999999999996
2024.0,British Grand Prix,Nico Hulkenberg,Haas F1 Team,6.0,6,9.43,3.4299999999999997
2024.0,British Grand Prix,Lance Stroll,Aston Martin,8.0,7,10.02,3.0199999999999996
2024.0,British Grand Prix,Fernando Alonso,Aston Martin,10.0,8,7.36,-0.6399999999999997
2024.0,British Grand Prix,Alexander Albon,Williams,9.0,9,12.24,3.24
2024.0,British Grand Prix,Yuki Tsunoda,RB,13.0,10,12.71,2.710000000000001
2024.0,British Grand Prix,Logan Sargeant,Williams,12.0,11,11.22,0.22000000000000064
2024.0,British Grand Prix,Kevin Magnussen,Haas F1 Team,17.0,12,14.14,2.1400000000000006
2024.0,British Grand Prix,Daniel Ricciardo,RB,15.0,13,11.0,-2.0
2024.0,British Grand Prix,Charles Leclerc,Ferrari,11.0,14,7.96,-6.04
2024.0,British Grand Prix,Valtteri Bottas,Kick Sauber,16.0,15,12.41,-2.59
2024.0,British Grand Prix,Esteban Ocon,Alpine,18.0,16,15.47,-0.5299999999999994
2024.0,British Grand Prix,Sergio Perez,Red Bull Racing,20.0,17,11.5,-5.5
2024.0,British Grand Prix,Guanyu Zhou,Kick Sauber,14.0,18,17.23,-0.7699999999999996
2024.0,British Grand Prix,George Russell,Mercedes,1.0,19,12.59,-6.41
2024.0,British Grand Prix,Pierre Gasly,Alpine,19.0,20,16.69,-3.3099999999999987
2024.0,Canadian Grand Prix,Max Verstappen,Red Bull Racing,2.0,1,1.98,0.98
2024.0,Canadian Grand Prix,Lando Norris,McLaren,3.0,2,9.68,7.68
2024.0,Canadian Grand Prix,George Russell,Mercedes,1.0,3,8.37,5.369999999999999
2024.0,Canadian Grand Prix,Lewis Hamilton,Mercedes,7.0,4,4.21,0.20999999999999996
2024.0,Canadian Grand Prix,Oscar Piastri,McLaren,4.0,5,7.9,2.9000000000000004
2024.0,Canadian Grand Prix,Fernando Alonso,Aston Martin,6.0,6,6.09,0.08999999999999986
2024.0,Canadian Grand Prix,Lance Stroll,Aston Martin,9.0,7,8.9,1.9000000000000004
2024.0,Canadian Grand Prix,Daniel Ricciardo,RB,5.0,8,9.26,1.2599999999999998
2024.0,Canadian Grand Prix,Pierre Gasly,Alpine,15.0,9,12.13,3.130000000000001
2024.0,Canadian Grand Prix,Esteban Ocon,Alpine,18.0,10,9.17,-0.8300000000000001
2024.0,Canadian Grand Prix,Nico Hulkenberg,Haas F1 Team,17.0,11,13.52,2.5199999999999996
2024.0,Canadian Grand Prix,Kevin Magnussen,Haas F1 Team,14.0,12,15.39,3.3900000000000006
2024.0,Canadian Grand Prix,Valtteri Bottas,Kick Sauber,19.0,13,11.03,-1.9700000000000006
2024.0,Canadian Grand Prix,Yuki Tsunoda,RB,8.0,14,14.83,0.8300000000000001
2024.0,Canadian Grand Prix,Guanyu Zhou,Kick Sauber,20.0,15,13.84,-1.1600000000000001
2024.0,Canadian Grand Prix,Carlos Sainz,Ferrari,12.0,16,8.49,-7.51
2024.0,Canadian Grand Prix,Alexander Albon,Williams,10.0,17,12.33,-4.67
2024.0,Canadian Grand Prix,Sergio Perez,Red Bull Racing,16.0,18,15.06,-2.9399999999999995
2024.0,Canadian Grand Prix,Charles Leclerc,Ferrari,11.0,19,9.85,-9.15
2024.0,Canadian Grand Prix,Logan Sargeant,Williams,13.0,20,19.58,-0.4200000000000017
2024.0,Chinese Grand Prix,Max Verstappen,Red Bull Racing,1.0,1,1.88,0.8799999999999999
2024.0,Chinese Grand Prix,Lando Norris,McLaren,4.0,2,2.84,0.8399999999999999
2024.0,Chinese Grand Prix,Sergio Perez,Red Bull Racing,2.0,3,3.47,0.4700000000000002
2024.0,Chinese Grand Prix,Charles Leclerc,Ferrari,6.0,4,4.65,0.6500000000000004
2024.0,Chinese Grand Prix,Carlos Sainz,Ferrari,7.0,5,5.59,0.5899999999999999
2024.0,Chinese Grand Prix,George Russell,Mercedes,8.0,6,6.53,0.5300000000000002
2024.0,Chinese Grand Prix,Fernando Alonso,Aston Martin,3.0,7,6.96,-0.040000000000000036
2024.0,Chinese Grand Prix,Oscar Piastri,McLaren,5.0,8,7.95,-0.04999999999999982
2024.0,Chinese Grand Prix,Lewis Hamilton,Mercedes,18.0,9,10.01,1.0099999999999998
2024.0,Chinese Grand Prix,Nico Hulkenberg,Haas F1 Team,9.0,10,10.06,0.0600000000000005
2024.0,Chinese Grand Prix,Esteban Ocon,Alpine,13.0,11,11.31,0.3100000000000005
2024.0,Chinese Grand Prix,Alexander Albon,Williams,14.0,12,12.32,0.3200000000000003
2024.0,Chinese Grand Prix,Pierre Gasly,Alpine,15.0,13,13.34,0.33999999999999986
2024.0,Chinese Grand Prix,Guanyu Zhou,Kick Sauber,16.0,14,14.35,0.34999999999999964
2024.0,Chinese Grand Prix,Lance Stroll,Aston Martin,11.0,15,14.8,-0.1999999999999993
2024.0,Chinese Grand Prix,Kevin Magnussen,Haas F1 Team,17.0,16,16.28,0.28000000000000114
2024.0,Chinese Grand Prix,Logan Sargeant,Williams,20.0,17,17.47,0.46999999999999886
2024.0,Chinese Grand Prix,Daniel Ricciardo,RB,12.0,18,17.65,-0.3500000000000014
2024.0,Chinese Grand Prix,Yuki Tsunoda,RB,19.0,19,19.22,0.21999999999999886
2024.0,Chinese Grand Prix,Valtteri Bottas,Kick Sauber,10.0,20,19.31,-0.6900000000000013
2024.0,Emilia Romagna Grand Prix,Max Verstappen,Red Bull Racing,1.0,1,1.9,0.8999999999999999
2024.0,Emilia Romagna Grand Prix,Lando Norris,McLaren,2.0,2,3.19,1.19
2024.0,Emilia Romagna Grand Prix,Charles Leclerc,Ferrari,3.0,3,4.67,1.67
2024.0,Emilia Romagna Grand Prix,Oscar Piastri,McLaren,5.0,4,4.56,0.5599999999999996
2024.0,Emilia Romagna Grand Prix,Carlos Sainz,Ferrari,4.0,5,9.79,4.789999999999999
2024.0,Emilia Romagna Grand Prix,Lewis Hamilton,Mercedes,8.0,6,7.49,1.4900000000000002
2024.0,Emilia Romagna Grand Prix,George Russell,Mercedes,6.0,7,9.97,2.9700000000000006
2024.0,Emilia Romagna Grand Prix,Sergio Perez,Red Bull Racing,11.0,8,7.71,-0.29000000000000004
2024.0,Emilia Romagna Grand Prix,Lance Stroll,Aston Martin,13.0,9,9.56,0.5600000000000005
2024.0,Emilia Romagna Grand Prix,Yuki Tsunoda,RB,7.0,10,9.61,-0.39000000000000057
2024.0,Emilia Romagna Grand Prix,Nico Hulkenberg,Haas F1 Team,10.0,11,11.03,0.02999999999999936
2024.0,Emilia Romagna Grand Prix,Kevin Magnussen,Haas F1 Team,18.0,12,11.35,-0.6500000000000004
2024.0,Emilia Romagna Grand Prix,Daniel Ricciardo,RB,9.0,13,12.26,-0.7400000000000002
2024.0,Emilia Romagna Grand Prix,Esteban Ocon,Alpine,12.0,14,12.47,-1.5299999999999994
2024.0,Emilia Romagna Grand Prix,Guanyu Zhou,Kick Sauber,17.0,15,15.36,0.35999999999999943
2024.0,Emilia Romagna Grand Prix,Pierre Gasly,Alpine,15.0,16,12.18,-3.8200000000000003
2024.0,Emilia Romagna Grand Prix,Logan Sargeant,Williams,19.0,17,17.38,0.379999999999999
2024.0,Emilia Romagna Grand Prix,Valtteri Bottas,Kick Sauber,16.0,18,14.16,-3.84
2024.0,Emilia Romagna Grand Prix,Fernando Alonso,Aston Martin,20.0,19,16.57,-2.4299999999999997
2024.0,Emilia Romagna Grand Prix,Alexander Albon,Williams,14.0,20,15.54,-4.460000000000001
2024.0,Italian Grand Prix,Charles Leclerc,Ferrari,4.0,1,3.48,2.48
2024.0,Italian Grand Prix,Oscar Piastri,McLaren,2.0,2,6.93,4.93
2024.0,Italian Grand Prix,Lando Norris,McLaren,1.0,3,5.07,2.0700000000000003
2024.0,Italian Grand Prix,Carlos Sainz,Ferrari,5.0,4,4.78,0.7800000000000002
2024.0,Italian Grand Prix,Lewis Hamilton,Mercedes,6.0,5,8.38,3.380000000000001
2024.0,Italian Grand Prix,Max Verstappen,Red Bull Racing,7.0,6,7.13,1.13
2024.0,Italian Grand Prix,George Russell,Mercedes,3.0,7,6.08,-0.9199999999999999
2024.0,Italian Grand Prix,Sergio Perez,Red Bull Racing,8.0,8,5.92,-2.08
2024.0,Italian Grand Prix,Alexander Albon,Williams,9.0,9,8.32,-0.6799999999999997
2024.0,Italian Grand Prix,Kevin Magnussen,Haas F1 Team,13.0,10,14.69,4.6899999999999995
2024.0,Italian Grand Prix,Fernando Alonso,Aston Martin,11.0,11,11.87,0.8699999999999992
2024.0,Italian Grand Prix,Franco Colapinto,Williams,18.0,12,12.69,0.6899999999999995
2024.0,Italian Grand Prix,Daniel Ricciardo,RB,12.0,13,10.91,-2.09
2024.0,Italian Grand Prix,Esteban Ocon,Alpine,15.0,14,13.8,-0.1999999999999993
2024.0,Italian Grand Prix,Pierre Gasly,Alpine,14.0,15,14.43,-0.5700000000000003
2024.0,Italian Grand Prix,Valtteri Bottas,Kick Sauber,19.0,16,11.55,-4.449999999999999
2024.0,Italian Grand Prix,Nico Hulkenberg,Haas F1 Team,10.0,17,16.55,-0.4499999999999993
2024.0,Italian Grand Prix,Guanyu Zhou,Kick Sauber,20.0,18,14.73,-3.2699999999999996
2024.0,Italian Grand Prix,Lance Stroll,Aston Martin,17.0,19,15.41,-3.59
2024.0,Italian Grand Prix,Yuki Tsunoda,RB,16.0,20,18.48,-1.5199999999999996
2024.0,Saudi Arabian Grand Prix,Max Verstappen,Red Bull Racing,1.0,1,2.23,1.23
2024.0,Saudi Arabian Grand Prix,Sergio Perez,Red Bull Racing,3.0,2,6.27,4.27
2024.0,Saudi Arabian Grand Prix,Charles Leclerc,Ferrari,2.0,3,4.96,1.96
2024.0,Saudi Arabian Grand Prix,Oscar Piastri,McLaren,5.0,4,9.4,5.4
2024.0,Saudi Arabian Grand Prix,Fernando Alonso,Aston Martin,4.0,5,9.09,4.09
2024.0,Saudi Arabian Grand Prix,George Russell,Mercedes,7.0,6,8.72,2.7200000000000006
2024.0,Saudi Arabian Grand Prix,Oliver Bearman,Ferrari,11.0,7,7.66,0.6600000000000001
2024.0,Saudi Arabian Grand Prix,Lando Norris,McLaren,6.0,8,10.3,2.3000000000000007
2024.0,Saudi Arabian Grand Prix,Lewis Hamilton,Mercedes,8.0,9,6.82,-2.1799999999999997
2024.0,Saudi Arabian Grand Prix,Nico Hulkenberg,Haas F1 Team,15.0,10,11.82,1.8200000000000003
2024.0,Saudi Arabian Grand Prix,Alexander Albon,Williams,12.0,11,14.59,3.59
2024.0,Saudi Arabian Grand Prix,Kevin Magnussen,Haas F1 Team,13.0,12,10.73,-1.2699999999999996
2024.0,Saudi Arabian Grand Prix,Esteban Ocon,Alpine,17.0,13,8.9,-4.1
2024.0,Saudi Arabian Grand Prix,Logan Sargeant,Williams,19.0,14,15.54,1.5399999999999991
2024.0,Saudi Arabian Grand Prix,Yuki Tsunoda,RB,9.0,15,14.39,-0.6099999999999994
2024.0,Saudi Arabian Grand Prix,Daniel Ricciardo,RB,14.0,16,13.05,-2.9499999999999993
2024.0,Saudi Arabian Grand Prix,Valtteri Bottas,Kick Sauber,16.0,17,13.79,-3.210000000000001
2024.0,Saudi Arabian Grand Prix,Guanyu Zhou,Kick Sauber,20.0,18,14.72,-3.2799999999999994
2024.0,Saudi Arabian Grand Prix,Lance Stroll,Aston Martin,10.0,19,15.4,-3.5999999999999996
2024.0,Saudi Arabian Grand Prix,Pierre Gasly,Alpine,18.0,20,11.67,-8.33
